hour,ambient_temperature_C,ground_temperature_C,indoor_temperature_start_C,indoor_temperature,solar_irradiance_W_m2,wall_surface_temperature_C,roof_surface_temperature_C,conduction_heat_transfer_W,convection_heat_transfer_W,radiation_heat_transfer_W,opening_heat_transfer_W,solar_gain_W,total_heat_loss_W,net_heat_transfer_W,thermal_capacity_J_K,conduction_heat_transfer_energy_J,conduction_heat_transfer_energy_Wh,cumulative_conduction_heat_transfer_energy_J,cumulative_conduction_heat_transfer_energy_Wh,convection_heat_transfer_energy_J,convection_heat_transfer_energy_Wh,cumulative_convection_heat_transfer_energy_J,cumulative_convection_heat_transfer_energy_Wh,radiation_heat_transfer_energy_J,radiation_heat_transfer_energy_Wh,cumulative_radiation_heat_transfer_energy_J,cumulative_radiation_heat_transfer_energy_Wh,opening_heat_transfer_energy_J,opening_heat_transfer_energy_Wh,cumulative_opening_heat_transfer_energy_J,cumulative_opening_heat_transfer_energy_Wh,solar_gain_energy_J,solar_gain_energy_Wh,cumulative_solar_gain_energy_J,cumulative_solar_gain_energy_Wh,net_heat_transfer_energy_J,net_heat_transfer_energy_Wh,cumulative_net_heat_transfer_energy_J,cumulative_net_heat_transfer_energy_Wh,total_heat_loss_energy_J,total_heat_loss_energy_Wh,cumulative_total_heat_loss_energy_J,cumulative_total_heat_loss_energy_Wh
0,-10.0,1.0,20.0,19.29969123545712,0.0,-4.186237218677549,-4.186237218677549,8874.312664287341,6495.135779293442,1877.699796045113,0.0,0.0,8874.312664287341,-8874.312664287341,45619200.0,31947525.59143443,8874.312664287341,31947525.59143443,8874.312664287341,23382488.805456392,6495.135779293442,23382488.805456392,6495.135779293442,6759719.265762407,1877.699796045113,6759719.265762407,1877.699796045113,0.0,0.0,0.0,0.0,0.0,0.0,0.0,0.0,-31947525.59143443,-8874.312664287341,-31947525.59143443,-8874.312664287341,31947525.59143443,8874.312664287341,31947525.59143443,8874.312664287341
1,-11.0,1.0,19.29969123545712,18.594555547668605,0.0,-5.116628524446117,-5.116628524446119,8935.479435656098,6572.902612488798,1879.5833553031598,0.0,0.0,8935.479435656098,-8935.479435656098,45619200.0,32167725.96836195,8935.479435656098,64115251.55979638,17809.79209994344,23662449.40495967,6572.902612488798,47044938.21041606,13068.03839178224,6766500.079091376,1879.5833553031598,13526219.344853783,3757.283151348273,0.0,0.0,0.0,0.0,0.0,0.0,0.0,0.0,-32167725.96836195,-8935.479435656098,-64115251.55979638,-17809.79209994344,32167725.96836195,8935.479435656098,64115251.55979638,17809.79209994344
2,-12.0,1.0,18.594555547668605,17.884714484511598,0.0,-6.047765501711211,-6.047765501711211,8995.105952325584,6649.836381488235,1880.887123606178,0.0,0.0,8995.1059523256,-8995.1059523256,45619200.0,32382381.428372104,8995.105952325584,96497632.98816848,26804.898052269025,23939410.973357648,6649.836381488235,70984349.18377371,19717.874773270476,6771193.644982241,1880.8871236061782,20297412.989836022,5638.170274954451,0.0,0.0,0.0,0.0,0.0,0.0,0.0,0.0,-32382381.428372163,-8995.1059523256,-96497632.98816854,-26804.89805226904,32382381.428372163,8995.1059523256,96497632.98816854,26804.89805226904
3,-12.0,1.0,17.884714484511598,17.19199320589175,0.0,-6.185055705344974,-6.185055705344977,8778.16404267067,6496.455765988594,1836.0610415544825,0.0,0.0,8778.164042670673,-8778.164042670673,45619200.0,31601390.553614415,8778.16404267067,128099023.54178289,35583.0620949397,23387240.757558938,6496.455765988594,94371589.94133265,26214.33053925907,6609819.749596137,1836.0610415544825,26907232.73943216,7474.231316508934,0.0,0.0,0.0,0.0,0.0,0.0,0.0,0.0,-31601390.553614423,-8778.164042670673,-128099023.54178296,-35583.06209493971,31601390.553614423,8778.164042670673,128099023.54178296,35583.06209493971
4,-11.0,1.0,17.19199320589175,16.53770869648544,0.0,-5.523611761203499,-5.523611761203499,8291.093303196823,6118.220940383451,1745.5084882255221,0.0,0.0,8291.093303196823,-8291.093303196823,45619200.0,29847935.891508564,8291.093303196823,157946959.43329144,43874.15539813652,22025595.385380425,6118.220940383451,116397185.32671309,32332.55147964252,6283830.55761188,1745.5084882255221,33191063.29704404,9219.739804734456,0.0,0.0,0.0,0.0,0.0,0.0,0.0,0.0,-29847935.891508564,-8291.093303196823,-157946959.43329152,-43874.155398136536,29847935.891508564,8291.093303196823,157946959.43329152,43874.155398136536
5,-9.0,1.0,16.53770869648544,15.942736024303773,0.0,-4.056667817054807,-4.056667817054807,7539.493701886075,5522.690714786369,1606.707990991926,0.0,0.0,7539.493701886073,-7539.493701886073,45619200.0,27142177.326789867,7539.493701886075,185089136.7600813,51413.649100022594,19881686.57323093,5522.690714786369,136278871.899944,37855.24219442889,5784148.767570933,1606.707990991926,38975212.064614974,10826.447795726383,0.0,0.0,0.0,0.0,0.0,0.0,0.0,0.0,-27142177.326789863,-7539.493701886073,-185089136.76008138,-51413.64910002261,27142177.326789863,7539.493701886073,185089136.76008138,51413.64910002261
6,-6.0,1.0,15.942736024303773,15.44672363820727,50.0,-1.397822171692448,-0.26639357017423215,6285.468956614892,5502.7050793898115,1655.8723107830785,0.0,1267.5,7552.968956614892,-6285.468956614892,45619200.0,22627688.24381361,6285.468956614892,207716825.0038949,57699.11805663748,19809738.28580332,5502.7050793898115,156088610.18574733,43357.947273818696,5961140.318819082,1655.8723107830783,44936352.38343406,12482.320106509462,0.0,0.0,0.0,0.0,4563000.0,1267.5,4563000.0,1267.5,-22627688.24381361,-6285.468956614892,-207716825.00389498,-57699.1180566375,27190688.24381361,7552.968956614892,212279825.00389498,58966.6180566375
7,-3.0,1.0,15.44672363820727,15.0662190919156,150.0,1.6585787976803084,5.022794207365877,4821.753610608042,6278.421791540073,1964.5317709134542,0.0,3802.5,8624.253610608044,-4821.753610608044,45619200.0,17358312.998188954,4821.753610608042,225075138.00208384,62520.87166724553,22602318.449544262,6278.421791540073,178690928.63529158,49636.36906535877,7072314.375288435,1964.5317709134542,52008666.75872249,14446.851877422916,0.0,0.0,0.0,0.0,13689000.0,3802.5,18252000.0,5070.0,-17358312.998188958,-4821.753610608043,-225075138.00208396,-62520.87166724554,31047312.998188958,8624.253610608044,243327138.00208396,67590.87166724555
8,0.0,1.0,15.0662190919156,14.816812051253088,300.0,5.107977096517439,11.761900251148077,3160.4860192753586,7830.564283187383,2563.6645464706235,0.0,7605.0,10765.486019275359,-3160.4860192753586,45619200.0,11377749.669391291,3160.4860192753586,236452887.67147514,65681.35768652089,28190031.41947458,7830.564283187383,206880960.05476615,57466.933348546154,9229192.367294244,2563.6645464706235,61237859.126016736,17010.51642389354,0.0,0.0,0.0,0.0,27378000.0,7605.0,45630000.0,12675.0,-11377749.669391291,-3160.4860192753586,-236452887.67147526,-65681.3576865209,38755749.66939129,10765.486019275359,282082887.67147523,78356.3576865209
9,3.0,1.0,14.816812051253088,14.694538319314567,450.0,8.574992687117998,18.44290364759363,1549.4527311249465,9378.21900863205,3214.059265334202,0.0,11407.5,12956.952731124931,-1549.4527311249312,45619200.0,5578029.8320498075,1549.4527311249465,242030917.50352496,67230.81041764583,33761588.43107538,9378.21900863205,240642548.4858415,66845.1523571782,11570613.355203127,3214.059265334202,72808472.48121986,20224.575689227742,0.0,0.0,0.0,0.0,41067000.0,11407.5,86697000.0,24082.5,-5578029.832049753,-1549.4527311249312,-242030917.50352502,-67230.81041764583,46645029.83204975,12956.952731124931,328727917.50352496,91313.31041764583
10,6.0,1.0,14.694538319314567,14.695505319813268,600.0,12.058256036070578,25.063471574653946,-12.253830319540157,10919.548443413862,3916.7505046419938,0.0,15210.0,15197.74616968046,12.253830319539702,45619200.0,-44113.789150344564,-12.253830319540157,241986803.7143746,67218.55658732628,39310374.3962899,10919.548443413862,279952922.8821314,77764.70080059207,14100301.816711178,3916.7505046419938,86908774.29793103,24141.326193869736,0.0,0.0,0.0,0.0,54756000.0,15210.0,141453000.0,39292.5,44113.78915034293,12.253830319539702,-241986803.71437466,-67218.55658732628,54711886.21084966,15197.74616968046,383439803.7143746,106511.05658732628
11,8.0,1.0,14.695505319813268,14.776169775618884,700.0,14.391345210090982,29.44504163241045,-1022.1799839687692,11945.55076671802,4415.796505130966,0.0,17745.0,16722.820016031226,1022.1799839687737,45619200.0,-3679847.942287569,-1022.1799839687692,238306955.77208704,66196.37660335751,43003982.76018488,11945.55076671802,322956905.6423163,89710.25156731009,15896867.418471476,4415.796505130966,102805641.7164025,28557.1226990007,0.0,0.0,0.0,0.0,63882000.0,17745.0,205335000.0,57037.5,3679847.9422875857,1022.1799839687739,-238306955.77208707,-66196.37660335751,60202152.05771241,16722.820016031226,443641955.77208704,123233.87660335751
12,9.0,1.0,14.776169775618884,14.894587844122727,750.0,15.571313602511651,31.63587529005399,-1500.5937640806835,12469.279647389532,4679.0248245328485,0.0,19012.5,17511.90623591931,1500.5937640806915,45619200.0,-5402137.550690461,-1500.5937640806835,232904818.22139657,64695.78283927683,44889406.73060232,12469.279647389532,367846312.3729186,102179.53121469961,16844489.368318256,4679.0248245328485,119650131.08472076,33236.14752353355,0.0,0.0,0.0,0.0,68445000.0,19012.5,273780000.0,76050.0,5402137.550690489,1500.5937640806915,-232904818.22139657,-64695.78283927681,63042862.44930951,17511.90623591931,506684818.22139657,140745.78283927683
13,8.0,1.0,14.894587844122727,14.970395206619747,700.0,14.428178161301986,29.480593170411126,-960.6308975622264,11986.291512714217,4431.3503547649225,0.0,17745.0,16784.369102437762,960.6308975622378,45619200.0,-3458271.2312240154,-960.6308975622264,229446546.99017256,63735.151941714605,43150649.44577118,11986.291512714217,410996961.81868976,114165.82272741383,15952861.277153721,4431.3503547649225,135602992.3618745,37667.497878298476,0.0,0.0,0.0,0.0,63882000.0,17745.0,337662000.0,93795.0,3458271.2312240563,960.6308975622379,-229446546.9901725,-63735.151941714576,60423728.76877595,16784.369102437762,567108546.9901725,157530.15194171458
14,6.0,1.0,14.970395206619747,14.964641342068042,600.0,12.10956237470942,25.113254823752555,72.91297159920435,10976.381714759933,3937.8031979087555,0.0,15210.0,15282.912971599202,-72.91297159920214,45619200.0,262486.69775713567,72.91297159920435,229709033.6879297,63808.06491331381,39514974.17313576,10976.381714759933,450511935.9918255,125142.20444217377,14176091.51247152,3937.8031979087555,149779083.87434602,41605.30107620723,0.0,0.0,0.0,0.0,54756000.0,15210.0,392418000.0,109005.0,-262486.6977571277,-72.91297159920214,-229709033.68792963,-63808.06491331378,55018486.697757125,15282.912971599202,622127033.6879296,172813.06491331378
15,3.0,1.0,14.964641342068042,14.838773426774354,450.0,8.602702411906904,18.47000124724255,1594.9982226016077,9408.98092282153,3224.9411056519557,0.0,11407.5,13002.498222601602,-1594.9982226016018,45619200.0,5741993.601365788,1594.9982226016077,235451027.28929546,65403.063135915414,33872331.32215751,9408.98092282153,484384267.313983,134551.1853649953,11609787.980347041,3224.9411056519557,161388871.85469306,44830.24218185918,0.0,0.0,0.0,0.0,41067000.0,11407.5,433485000.0,120412.5,-5741993.6013657665,-1594.9982226016018,-235451027.2892954,-65403.06313591538,46808993.60136577,13002.498222601602,668936027.2892954,185815.56313591538
16,0.0,1.0,14.838773426774354,14.594884853969738,300.0,5.065015198434374,11.719565237574209,3090.5559945801083,7782.767352184318,2547.534546991547,0.0,7605.0,10695.555994580109,-3090.5559945801087,45619200.0,11126001.58048839,3090.5559945801083,246577028.86978385,68493.61913049553,28017962.467863545,7782.767352184318,512402229.7818466,142333.9527171796,9171124.369169569,2547.534546991547,170559996.22386262,47377.77672885073,0.0,0.0,0.0,0.0,27378000.0,7605.0,460863000.0,128017.5,-11126001.580488391,-3090.5559945801087,-246577028.8697838,-68493.61913049548,38504001.58048839,10695.555994580109,707440028.8697839,196511.1191304955
17,-3.0,1.0,14.594884853969738,14.235005761295985,150.0,1.4964555224408942,4.86184115779071,4560.387862361787,6097.671204474629,1906.3996430891202,0.0,3802.5,8362.887862361786,-4560.387862361786,45619200.0,16417396.304502431,4560.387862361787,262994425.17428628,73054.00699285732,21951616.336108666,6097.671204474629,534353846.11795527,148431.62392165425,6863038.715120832,1906.3996430891202,177423034.93898344,49284.17637193985,0.0,0.0,0.0,0.0,13689000.0,3802.5,474552000.0,131820.0,-16417396.304502428,-4560.387862361786,-262994425.17428622,-73054.00699285726,30106396.304502428,8362.887862361786,737546425.1742864,204874.0069928573
18,-6.0,1.0,14.235005761295985,13.78027097331898,50.0,-1.7250072586980427,-0.5927996324483336,5762.399233244596,5137.4225648814545,1543.158133552872,0.0,1267.5,7029.899233244597,-5762.399233244597,45619200.0,20744637.239680547,5762.399233244597,283739062.41396683,78816.40622610191,18494721.233573236,5137.4225648814545,552848567.3515285,153569.0464865357,5555369.280790339,1543.158133552872,182978404.21977377,50827.33450549273,0.0,0.0,0.0,0.0,4563000.0,1267.5,479115000.0,133087.5,-20744637.239680547,-5762.399233244597,-283739062.4139668,-78816.40622610186,25307637.239680547,7029.899233244597,762854062.4139669,211903.90622610188
19,-8.0,1.0,13.78027097331898,13.273671174704619,0.0,-3.789444853750994,-3.789444853750994,6419.632648041198,4704.03220938939,1378.2839605635613,0.0,0.0,6419.632648041198,-6419.632648041198,45619200.0,23110677.53294831,6419.632648041197,306849739.94691515,85236.03887414311,16934515.953801803,4704.03220938939,569783083.3053303,158273.07869592507,4961822.258028821,1378.2839605635613,187940226.4778026,52205.61846605629,0.0,0.0,0.0,0.0,0.0,0.0,479115000.0,133087.5,-23110677.53294831,-6419.632648041197,-306849739.9469151,-85236.03887414305,23110677.53294831,6419.632648041197,785964739.9469151,218323.5388741431
20,-9.0,1.0,13.273671174704619,12.757481681946906,0.0,-4.685699898793265,-4.685699898793267,6541.153252225739,4819.936073068164,1397.2716585572862,0.0,0.0,6541.15325222574,-6541.15325222574,45619200.0,23548151.708012663,6541.153252225739,330397891.6549278,91777.19212636884,17351769.86304539,4819.936073068164,587134853.1683756,163093.01476899322,5030177.97080623,1397.2716585572862,192970404.44860885,53602.89012461357,0.0,0.0,0.0,0.0,0.0,0.0,479115000.0,133087.5,-23548151.708012667,-6541.15325222574,-330397891.65492773,-91777.19212636878,23548151.708012667,6541.15325222574,809512891.6549278,224864.69212636884
21,-10.0,1.0,12.757481681946906,12.23194315055579,0.0,-5.583466568636258,-5.5834665686362595,6659.624269788224,4934.151149519573,1415.1516630459446,0.0,0.0,6659.6242697882235,-6659.6242697882235,45619200.0,23974647.37123761,6659.624269788225,354372539.0261654,98436.81639615707,17762944.13827046,4934.151149519572,604897797.3066461,168027.1659185128,5094545.9869654,1415.1516630459446,198064950.43557423,55018.04178765952,0.0,0.0,0.0,0.0,0.0,0.0,479115000.0,133087.5,-23974647.371237606,-6659.6242697882235,-354372539.02616537,-98436.81639615701,23974647.371237606,6659.6242697882235,833487539.0261655,231524.31639615705
22,-10.0,1.0,12.23194315055579,11.719082183463282,0.0,-5.685010338995971,-5.685010338995971,6498.974174996258,4820.706449273701,1381.8170860183986,0.0,0.0,6498.974174996256,-6498.974174996256,45619200.0,23396307.029986527,6498.974174996258,377768846.0561519,104935.79057115332,17354543.21738532,4820.706449273701,622252340.5240314,172847.8723677865,4974541.509666235,1381.8170860183986,203039491.94524047,56399.85887367791,0.0,0.0,0.0,0.0,0.0,0.0,479115000.0,133087.5,-23396307.029986523,-6498.974174996257,-377768846.05615187,-104935.79057115327,23396307.029986523,6498.974174996257,856883846.056152,238023.2905711533
23,-10.0,1.0,11.719082183463282,11.218592401844738,0.0,-5.784124994262859,-5.784124994262859,6342.206512670179,4709.975556409534,1349.3165283887517,0.0,0.0,6342.206512670179,-6342.206512670179,45619200.0,22831943.445612647,6342.20651267018,400600789.5017646,111277.9970838235,16955912.003074322,4709.975556409534,639208252.5271057,177557.84792419604,4857539.502199506,1349.3165283887517,207897031.44743997,57749.17540206666,0.0,0.0,0.0,0.0,0.0,0.0,479115000.0,133087.5,-22831943.445612647,-6342.20651267018,-400600789.50176454,-111277.99708382344,22831943.445612647,6342.20651267018,879715789.5017647,244365.4970838235
